10.or D2,6,6,8,6,8,6,5,4499
10.or D,6,6,7,6,8,6,9,4999
Acer Liquid Z630s,7,7,8,7,8,6,7,7190
Alcatel Pixi 4 (5),6,5,7,4,7,4,5,2999
iPhone 13 Pro Max,9,9,9,10,10,9,7,129900
iPhone 13 Pro,9,9,9,10,10,9,7,119900
iPhone 13 mini,9,9,9,10,8,9,8,69900
iPhone 13,9,9,9,10,8,9,8,79900
iPhone 12 Pro,9,10,10,10,8,9,6,99990
iPhone 12 Pro Max,8,10,10,10,9,9,7,119900
iPhone 12 mini,9,10,9,9,8,8,8,49999
iPhone 12,9,10,9,9,8,8,8,59999
iPhone SE (2020),7,7,9,9,7,8,7,30499
iPhone 11 Pro Max,8,10,9,10,10,9,7,87900
iPhone 11,8,8,9,10,9,9,9,49900
Apple iPhone XR,8,8,9,10,9,9,8,32999
Apple iPhone XS Max,8,9,9,10,9,9,6,69586
Apple iPhone XS,9,9,9,10,8,9,6,62998
Apple iPhone 8,8,8,9,10,8,9,9,22998
Apple iPhone 8 Plus,8,8,9,10,9,9,8,59900
Apple iPhone X,9,9,9,10,9,9,6,64789
Apple iPhone 7 Plus,8,8,9,10,9,9,7,26999
Apple iPhone 7,9,8,9,10,8,9,8,29900
Apple iPhone SE,9,8,9,9,7,7,7,16999
Apple iPhone 6s Plus,8,8,8,9,8,9,6,14299
Apple iPhone 6s,9,8,9,9,7,8,7,9989
Apple iPhone 6 Plus,8,9,6,9,8,9,6,23999
Apple iPhone 6,9,9,7,9,7,9,7,9099
Apple iPhone 5c,8,8,8,8,8,8,7,8499
Asus ROG Phone 5 Ultimate,8,10,9,10,8,8,8,79999
Asus ROG Phone 3,8,9,9,10,8,9,8,46999
Asus 6Z,8,9,9,10,8,8,8,35999
Asus ROG Phone 2,9,9,9,10,10,8,9,40999
Asus ZenFone Max M2,7,7,8,7,9,6,8,12999
Asus ZenFone Max Pro M2,8,8,8,8,10,7,9,14990
Asus ZenFone Lite L1 (ZA551KL),7,7,7,6,7,6,6,6850
Asus ZenFone Max M1 (ZB556KL),7,7,7,7,9,7,6,8999
Asus ROG Phone,9,9,8,10,9,8,8,83999
Asus ZenFone Max Pro M1,8,8,9,8,8,8,10,9999
Asus ZenFone 5Z (ZS620KL),9,9,9,10,8,9,10,32999
Asus ZenFone 4 Selfie Pro,8,8,7,8,7,7,7,7499
Asus ZenFone Zoom S,8,8,7,7,9,7,8,26999
Asus ZenFone Live,6,6,6,4,6,6,5,5499
Asus ZenFone 3S Max,7,7,8,7,8,8,8,6199
Asus ZenFone 3 Max (ZC553KL),8,7,7,6,9,8,6,8599
Asus ZenFone 3 Laser,7,8,8,7,7,8,6,5099
Asus ZenFone 3 Deluxe (ZS570KL),9,8,8,9,9,9,8,15999
Asus ZenFone 3 (ZE552KL),9,9,8,9,8,8,8,14999
Asus ZenFone Zoom,8,7,7,8,6,8,6,37999
Asus ZenFone Max,7,7,7,7,10,8,7,8450
Asus ZenFone 2 Deluxe,8,8,7,8,7,6,6,28999
Asus ZenFone 2 Laser (ZE550KL),8,7,7,6,9,8,7,7500
Asus ZenFone Selfie,8,8,7,8,8,8,7,5399
Asus ZenFone C (ZC451CG),6,6,6,7,5,5,8,6299
Asus ZenFone 6,7,6,7,7,8,7,8,8891
Asus ZenFone AR,8,9,8,8,8,8,7,49999
BlackBerry KEY2 LE,7,7,9,8,8,6,6,22990
BlackBerry DTEK50,6,8,9,7,6,7,7,12500
BlackBerry Priv,9,9,9,9,7,7,5,21999
BlackBerry Leap,8,7,7,5,7,6,5,7990
BlackBerry Classic,6,6,6,5,9,6,5,13899
BlackBerry Passport,9,7,7,8,9,8,7,27500
BlackBerry Z3,8,6,7,6,6,6,7,19000
BlackBerry Z30,7,6,6,7,8,6,5,7990
BlackBerry 9720,6,6,5,6,7,5,6,8999
BlackBerry Q5,6,7,6,8,8,6,6,10800
BlackBerry Q10,7,7,6,8,8,7,5,8999
BlackBerry Z10,7,8,6,8,7,7,4,5999
BlackBerry Curve 9220,6,5,7,7,8,4,6,9350
Coolpad Cool 5,6,6,7,6,7,4,5,8990
Coolpad Cool 3 Plus,6,6,7,5,7,5,6,6990
Coolpad Note 8,7,7,8,5,7,5,6,6993
Coolpad Mega 5A,6,6,7,5,6,5,5,4250
Coolpad Note 6,6,7,6,7,9,6,6,7650
Coolpad Cool Play 6,7,8,7,8,9,7,9,17999
Coolpad Note 5 Lite,8,6,6,6,7,6,7,8471
Coolpad Note 3S,7,7,7,6,6,7,7,4590
Coolpad Mega 3,7,7,6,5,8,5,7,5499
Coolpad Mega 2.5D,8,7,6,6,7,6,6,7999
Coolpad Note 3 Plus,7,8,6,7,7,7,8,6249
Coolpad Max,8,8,8,7,7,8,7,9490
Coolpad Note 3 Lite,7,7,6,7,8,6,7,4999
Coolpad Note 3,7,7,6,7,8,7,9,9499
Coolpad Dazen X7,7,7,7,8,6,6,5,4999
Coolpad Cool 1 Dual,7,8,7,8,9,6,7,7999
Gionee S11 Lite,7,7,7,7,8,6,6,14999
Gionee M7 Power,7,7,7,7,10,7,6,7899
Gionee A1,8,7,7,7,9,7,7,17950
Gionee A1 Plus,7,7,6,7,9,6,7,10499
Gionee S6s,8,8,7,7,9,7,7,13860
Gionee S6 Pro,7,8,7,7,7,6,5,13690
Gionee Marathon M5 Plus,8,8,6,6,10,5,6,8499
Gionee Marathon M5 Lite,8,7,7,7,8,6,6,12655
Gionee S6,8,7,7,7,8,7,7,19900
Gionee F103,6,6,6,6,7,5,6,4489
Gionee Marathon M4,8,6,7,6,10,7,8,4400
Gionee Elife S7,9,8,6,8,6,7,7,15999
Gionee Pioneer P6,7,5,6,6,7,6,6,4150
Gionee Marathon M3,6,6,5,5,10,7,8,4250
Gionee Elife S5.1,7,7,5,6,7,5,7,5499
Gionee Pioneer P3,6,6,6,6,6,5,7,6500
Gionee Elife E7,8,8,5,9,7,9,8,3699
Gionee Elife E6,7,8,8,8,7,7,8,4900
Gionee Elife E3,8,7,8,8,5,6,7,15250
Google Pixel 4a,9,8,10,8,7,8,8,27999
Google Pixel 3a XL,8,8,10,8,9,9,7,44999
Google Pixel 3a,8,8,10,8,8,9,7,34990
Google Pixel 3 XL,9,9,10,9,8,9,7,20560
Google Pixel 3,9,8,10,9,8,9,7,24399
Google Pixel 2 XL,8,6,10,10,9,9,6,19990
Google Pixel 2,7,8,10,10,8,9,7,16990
Google Pixel XL,8,10,9,10,9,10,8,6999
Honor 9X,7,8,7,7,8,7,8,14999
Honor 20,8,8,8,10,10,8,8,27527
Honor 20i,7,8,8,7,7,7,7,15999
Honor View 20,8,8,9,10,9,8,8,23990
Honor 10 Lite,8,8,8,8,8,7,8,11999
Honor 8C,6,7,7,7,8,6,7,8999
Honor 8X,9,8,8,8,8,7,9,10999
Honor 9N,8,8,7,7,7,7,6,12500
Honor Play,8,9,8,8,8,7,10,11999
Honor 7S,7,7,7,5,7,5,5,4990
Honor 10,8,9,8,8,7,8,9,16290
Honor 7C,8,7,7,7,7,6,7,7999
Honor 9 Lite,8,8,7,7,7,7,6,9600
Honor View 10,8,8,9,9,8,8,9,21990
Honor 7X,8,8,7,8,6,7,7,12722
Honor 9i,8,8,8,8,7,7,8,7699
Honor Holly 4,6,6,7,6,8,6,7,7825
Honor 8 Pro,8,8,8,8,8,8,9,9999
Honor 8 Lite,7,6,7,6,7,7,7,6299
Honor 6X,8,8,7,7,8,7,7,5099
Honor 8,8,9,9,9,8,8,8,9999
Honor 5X,7,8,6,8,7,7,7,8000
Honor 7,8,8,7,8,7,8,9,15999
Honor 4C,7,6,7,8,7,8,8,8999
Honor 6 Plus,8,8,7,8,7,9,7,26499
Honor 4X,6,6,7,7,7,6,8,9999
Honor Holly,6,7,6,7,6,5,8,5999
Honor 6,6,7,7,8,7,6,8,14999
Honor Holly 2 Plus,7,7,7,6,8,6,6,7600
HTC Desire 12+,6,6,7,7,7,6,5,18308
HTC U11+,9,9,9,9,9,9,8,52990
HTC U11,9,9,8,9,8,9,9,44999
HTC U Play,9,8,8,7,8,8,6,14999
HTC U Ultra,9,9,8,9,8,9,7,21999
HTC One X9,8,8,8,7,7,6,6,14770
HTC One A9,8,8,9,9,6,8,8,30149
HTC One E9s Dual SIM,8,6,8,8,8,8,5,10599
HTC One M9+,7,8,8,7,5,5,5,14999
HTC Desire 820s,7,7,9,9,8,8,8,25500
HTC Desire 526G+ Dual SIM,7,7,8,8,6,7,9,11990
HTC Desire Eye,9,9,8,8,6,7,7,5999
HTC One (M8 Eye),8,9,8,9,7,8,7,27590
HTC Desire 816G,7,7,8,6,6,6,5,21990
HTC Desire 820,8,7,8,8,5,9,7,25999
HTC Desire 616 Dual SIM,6,7,7,7,6,5,6,7999
HTC Desire 816,7,6,7,7,8,9,7,27390
HTC Desire 310,7,5,7,6,7,3,5,2699
HTC Desire 500,7,5,6,6,7,7,6,19000
HTC Desire 600,8,6,7,6,7,7,5,22500
HTC One S,9,7,8,8,7,8,6,17172
Huawei P30 Pro,9,8,9,9,9,9,9,41989
Huawei Mate 20 Pro,10,9,9,10,10,9,9,31999
Huawei Nova 3i,8,7,8,8,8,7,7,17990
Huawei Nova 3,8,7,8,8,8,7,7,21990
Huawei P20 Pro,9,8,9,9,9,9,8,49990
Huawei P20 Lite,8,9,8,7,6,7,7,12900
Huawei P9,9,8,7,8,8,9,7,12990
Google Nexus 6P,9,9,9,9,9,9,7,24499
iBall Andi 5K Panther,6,5,6,7,6,7,7,3199
Infinix Note 11,8,8,8,7,7,6,7,12499
Infinix Hot 11S,7,8,8,8,8,7,8,9999
Infinix Smart 5A,7,7,7,6,8,6,7,6999
Infinix Note 10 Pro,7,8,8,8,7,7,8,16999
Infinix Zero 8i,8,8,8,8,8,7,8,15999
Infinix Smart 5,7,7,8,6,8,6,7,7499
Infinix Hot 9,7,6,7,6,8,6,6,11999
Infinix S5 Pro,7,7,6,6,7,7,7,12999
Infinix S5 Lite,7,6,6,6,7,6,6,9990
Infinix S5,7,6,6,6,7,6,6,10999
Infinix Hot 8,6,7,6,6,9,7,6,9900
Infinix Hot 7,7,7,6,6,9,6,7,8999
Infinix Hot 7 Pro,7,7,8,6,9,6,7,10999
Infinix S4,7,7,8,6,9,7,7,9999
Infinix Smart 3 Plus,7,7,7,5,8,7,7,7999
Infinix Note 5 Stylus,8,8,8,7,9,6,6,10999
Infinix Hot S3X,7,7,6,6,7,7,7,10999
Infinix Note 5,7,8,9,7,8,6,7,6365
Infinix Smart 2,6,6,7,5,8,7,6,6949
Infinix Hot S3,7,7,8,7,9,7,8,9999
Infinix Zero 5 Pro,7,8,7,8,10,7,8,7999
InFocus Vision 3 Pro,7,7,7,7,7,6,7,7999
InFocus Vision 3,7,6,7,6,8,6,8,5859
InFocus Turbo 5 Plus,7,6,7,6,8,5,5,5999
InFocus Turbo 5,6,6,7,5,9,5,6,5499
InFocus Epic 1,8,8,6,9,7,7,8,7690
InFocus Bingo 10,6,5,7,5,7,4,5,3499
InFocus Bingo 50,7,7,7,6,6,7,7,4990
InFocus Bingo 21,6,5,6,6,8,5,5,3999
InFocus M680,8,8,8,7,6,6,8,7999
InFocus M812,7,7,7,8,7,7,6,5990
InFocus M370,7,6,7,4,6,5,7,7999
Intex Aqua Lions N1,5,4,7,4,5,4,5,2599
Intex Aqua Lions X1+,6,7,7,6,6,6,6,5450
Intex Elyt e7,7,7,7,6,9,5,7,5860
Intex Aqua Supreme+,6,6,7,6,7,5,6,8664
Intex Aqua Crystal,7,7,5,4,5,6,4,6000
Intex Aqua S7,8,7,7,7,8,6,7,5499
Intex Aqua GenX,8,8,7,7,6,6,8,8999
Intex Aqua Ace,6,6,7,6,8,5,6,8800
Intex Aqua Trend,5,6,6,6,5,6,5,4444
Intex Cloud N,7,6,5,5,4,5,8,3500
Intex Aqua Speed HD,7,7,7,6,5,5,5,7500
Intex Aqua Power,6,5,6,6,9,5,6,4500
Intex Aqua Wonder,6,7,8,6,4,4,6,11490
Itel S42,7,7,8,7,8,6,7,6200
Karbonn A40 Indian,6,4,7,4,3,3,6,2499
Karbonn K9 Kavach 4G,6,7,7,6,7,6,7,3490
Karbonn Aura Note 2,6,6,7,6,7,7,6,5099
Karbonn Quattro L52,6,6,6,5,6,5,5,4990
Karbonn Quattro L50 HD,7,7,6,6,6,7,6,3999
Karbonn Titanium Mach Five,7,7,6,5,5,7,8,2999
Karbonn Titanium Mach Two S360,8,7,6,6,6,6,8,7800
Karbonn Machone Titanium S310,7,6,7,6,6,5,8,3799
Karbonn Sparkle V,7,7,8,8,6,6,9,2899
Karbonn Titanium Octane Plus,7,8,6,7,6,6,6,12494
Kult Gladiator,6,6,7,6,7,6,7,7349
Lava Agni 5G,7,8,8,8,8,7,7,19999
Lava Z92,8,7,7,7,8,7,7,7355
Lava Z25,7,7,6,7,8,6,6,15938
Lava Z10,6,6,6,6,7,6,6,9949
Lava Pixel V2,6,6,5,6,5,7,7,13300
Lava Pixel V1,6,6,8,6,7,6,6,5199
Lava Iris X8,7,7,6,7,7,5,6,4499
Lava Iris Fuel 60,6,7,8,7,9,7,9,4299
Lava Iris X1,6,6,7,5,7,5,6,6299
Lava Iris Pro 20,9,5,8,5,8,5,7,5040
Lava Iris 504q,7,6,7,7,6,7,7,9499
LeEco Le 1s Eco,8,7,7,8,6,6,8,7990
LeEco Le 2,8,7,7,8,8,6,8,6980
LeEco Le Max 2,7,8,8,9,8,8,7,8999
Lenovo K10 Note,7,8,7,8,8,7,7,13999
Lenovo K9,7,7,8,7,8,6,7,5999
Lenovo K8 Plus,7,7,8,8,9,7,8,4189
Lenovo K8 Note,8,8,9,7,7,7,8,5799
Lenovo Z2 Plus,8,8,8,9,9,6,9,8250
Lenovo P2,7,7,9,8,10,7,8,16999
Lenovo K6 Note,8,7,8,7,9,8,7,6250
Lenovo K6 Power,8,8,8,7,9,6,8,10965
Lenovo Zuk Z1,8,8,8,8,9,8,8,7499
Lenovo Vibe K5,7,6,7,6,7,7,7,6499
Lenovo Vibe K5 Plus,7,7,7,7,6,7,6,2999
Lenovo Vibe K4 Note,7,8,9,7,7,6,7,9189
Lenovo Vibe S1,9,8,7,8,6,8,8,10990
Lenovo Vibe P1,6,8,8,8,10,7,9,15999
Lenovo A6000 Plus,7,6,7,8,9,6,10,2999
Lenovo K3 Note,8,8,8,9,7,6,9,13000
Lenovo Vibe Shot,8,8,6,8,8,8,7,9799
Lenovo A7000,7,7,7,8,8,6,10,3598
Lenovo A6000,7,6,7,8,8,6,10,3199
Lenovo Vibe Z2 Pro,8,8,6,8,7,8,8,29999
Lenovo S660,8,6,6,6,8,6,7,14999
Lenovo S860,6,7,6,6,8,8,6,8499
Lenovo P780,6,6,7,7,9,6,7,15410
Lenovo Phab 2 Plus,7,8,8,6,7,7,6,9999
LG Wing,9,8,9,9,8,8,8,39999
LG Velvet,8,8,9,9,8,8,8,46500
LG G8X ThinQ,8,9,9,10,9,9,8,40500
LG W30,8,7,8,6,10,6,6,8199
LG G8s ThinQ,8,8,7,9,8,9,7,29999
LG V40 ThinQ,9,9,8,8,8,9,8,29999
LG V30+,9,7,7,9,9,8,7,23990
LG Q6,8,8,8,7,7,7,7,5999
LG G6,8,9,8,9,8,9,9,21899
LG V20,7,9,8,8,7,10,8,16990
LG G5,7,9,8,10,8,9,7,12990
LG X screen,8,7,8,7,9,6,6,7990
Google Nexus 5X,7,8,9,8,8,8,7,25990
LG G4 Stylus,7,6,8,6,9,7,6,5999
LG G4,9,9,8,8,6,8,7,25999
LG G3 Stylus,6,5,8,6,9,6,5,13990
LG G3 Beat,7,6,6,7,8,7,6,5999
LG L90 Dual,7,5,6,6,7,7,6,3299
LG G Pro 2,7,8,8,8,8,8,6,42021
Google Nexus 5,8,8,9,8,6,6,8,12000
LG G Pro Lite,7,6,6,6,6,6,7,5899
LG G2,8,8,8,8,8,8,7,15000
LG Optimus L3 II Dual,6,5,6,6,7,6,6,1999
LG Optimus G,7,8,8,8,7,6,7,9999
LG G7+ ThinQ,9,9,8,9,8,8,9,27000
Lyf C451,6,5,6,5,8,4,7,3499
Lyf F1,7,8,8,7,8,6,7,9905
Lyf Earth 1,5,6,8,6,9,7,5,19499
Meizu M16th,9,8,7,9,7,7,7,19990
Micromax In 2b,7,7,9,7,9,6,8,8499
Micromax In Note 1,7,7,8,8,7,6,7,9499
Micromax In 1b,7,7,8,6,8,6,7,10490
Micromax Infinity N12,7,6,7,6,8,6,6,14999
Micromax Canvas Infinity,7,6,6,6,8,7,7,6490
Micromax Canvas 2 (2017),7,6,6,6,6,6,5,8420
Micromax Evok Power,7,6,6,6,9,5,7,6999
Micromax Dual 5,8,8,7,8,8,8,8,24999
Micromax Canvas Spark 3,7,6,5,4,6,5,6,5999
Micromax Canvas 5,7,8,7,8,7,7,7,14999
Micromax Canvas Nitro 4G,6,6,7,7,6,6,6,10190
Micromax Canvas Selfie 2,6,5,6,6,7,6,5,6999
Micromax Canvas Xpress 2,7,8,6,5,5,6,8,6199
Micromax Canvas Doodle 4,6,5,8,6,8,5,8,9999
Micromax Unite 3,6,5,7,6,7,6,8,3999
Micromax Canvas Spark,8,6,7,6,7,5,9,5999
Micromax Canvas Hue,6,7,6,5,8,5,5,13500
Micromax Canvas Selfie,7,7,6,7,7,8,7,5790
Micromax Canvas 4 Plus,6,7,7,8,7,5,7,7998
Micromax Canvas A1,7,7,8,8,6,6,9,3499
Micromax Canvas Nitro,6,7,6,7,10,5,8,4900
Micromax Unite 2,6,5,6,6,6,7,7,7999
Micromax Canvas Knight,7,8,5,7,7,6,7,5999
Micromax Canvas Turbo Mini,5,6,6,6,5,7,5,14999
Micromax Canvas Turbo,7,6,7,6,7,5,6,17490
Micromax Canvas 4,7,8,8,8,7,6,6,5199
Microsoft Lumia 540 Dual SIM,7,7,7,5,7,6,6,7199
Motorola Moto G51,8,8,8,7,8,7,8,14999
Motorola Moto G31,8,8,9,7,8,6,7,12999
Motorola Moto E40,7,7,9,7,8,7,7,10099
Motorola Edge 20 Fusion,8,8,10,8,8,8,8,20999
Motorola Edge 20,8,9,10,9,7,8,8,27999
Motorola Edge 20 Pro,8,9,10,9,8,8,8,34999
Motorola Moto G60,7,8,9,8,8,7,7,17999
Motorola Moto G10 Power,7,6,9,7,10,7,7,10499
Motorola Moto G30,7,7,9,7,8,7,8,10999
Motorola Moto E7 Plus,7,7,9,7,9,8,8,9499
Motorola Moto G9,7,7,8,8,8,8,8,11499
Motorola One Fusion+,8,8,9,8,9,8,8,16999
Motorola Moto G8 Power Lite,7,7,7,7,8,6,7,9999
Motorola Moto G8 Plus,7,8,9,7,8,7,7,12990
Motorola One Macro,7,7,9,8,9,7,7,11999
Moto E6s,7,7,9,6,7,6,7,7499
Motorola One Action,8,7,9,8,6,7,8,16000
Motorola One Vision,8,7,9,8,7,8,8,18990
Motorola One Power,8,8,9,8,10,7,8,15583
Moto E5 Plus,7,6,8,6,9,6,6,11999
Moto G6 Play,8,6,8,6,8,6,6,8190
Moto G6,8,7,8,8,8,7,6,15498
Motorola Moto X4,9,8,9,8,8,7,8,5299
Moto G5S,9,7,9,7,8,6,7,7350
Moto G5S Plus,8,8,9,8,7,8,8,5599
Motorola Moto Z2 Force,8,8,9,9,10,9,9,14999
Motorola Moto Z2 Play,8,8,9,8,9,8,8,6999
Motorola Moto G5,7,7,9,7,7,7,8,3999
Motorola Moto G5 Plus,8,8,9,7,8,7,8,4599
Motorola Moto Z Play,8,8,8,8,10,8,8,12000
Motorola Moto Z,8,9,8,9,8,8,7,14990
Motorola Moto G4 Plus,9,8,8,8,8,7,8,8499
Motorola Moto G Turbo Edition,8,6,9,8,7,6,7,8999
Motorola Moto X Force,10,9,9,9,9,8,6,7599
Motorola Moto X Play,8,8,9,8,9,8,8,7999
Motorola Moto X Style,8,8,8,8,7,7,7,20999
Motorola Moto G (Gen 3),8,7,9,8,8,7,9,4799
Motorola Moto Turbo,9,8,9,9,8,7,8,31999
Motorola Moto E (Gen 2),9,7,9,8,7,5,9,5999
Google Nexus 6,7,8,8,9,8,7,9,7399
Motorola Moto X (Gen 2),7,8,8,9,8,7,7,14500
Motorola Moto G (Gen 2),6,8,9,8,8,8,8,3199
Motorola Moto E,8,7,9,7,6,4,9,4999
Motorola Moto G,7,8,8,7,7,6,9,3471
Motorola Moto X,8,7,8,7,6,7,8,4599
Nokia XR20,8,8,9,7,8,7,7,46417
Nokia C20 Plus,7,6,6,6,7,5,6,7999
Nokia G20,8,6,7,6,9,6,7,12490
Nokia 2.4,8,6,9,7,8,6,6,10490
Nokia 3.4,8,7,9,7,7,7,7,10785
Nokia C3,6,7,9,6,6,6,6,7999
Nokia 5.3,8,7,9,7,8,7,7,11499
Nokia 7.2,8,8,9,8,8,8,7,14999
Nokia 2.2,6,6,8,5,8,5,6,7977
Nokia 4.2,8,7,8,6,7,6,6,7999
Nokia 3.2,6,6,8,5,9,6,6,11589
Nokia 8.1,8,9,10,8,7,7,7,15990
Nokia 3.1 Plus,8,7,9,6,10,6,6,7088
Nokia 7.1,8,9,10,8,8,8,8,11371
Nokia 5.1 Plus,9,8,9,8,9,7,8,8990
Nokia 6.1 Plus,8,8,10,8,8,7,8,15999
Nokia 8 Sirocco,9,8,10,9,9,8,7,29990
Nokia 1,7,6,6,5,6,5,5,4672
Nokia 7 Plus,8,8,10,8,9,8,8,12000
Nokia 6.1,8,8,9,8,9,7,7,15999
Nokia 8,8,9,9,9,9,8,8,24990
Nokia 3,8,7,8,6,7,5,7,8588
Nokia 6,8,7,9,7,7,6,7,13999
Nokia Lumia 830,7,6,7,7,7,9,7,19999
Nokia X Dual SIM,8,6,7,6,6,7,8,7999
Nokia Lumia 525,8,6,6,5,7,8,7,7500
Nokia Asha 502,7,3,7,5,9,5,5,3499
Nokia Lumia 1320,7,5,6,6,9,8,7,9499
Nokia Lumia 1520,9,9,6,8,8,9,7,13999
Nokia Lumia 625,8,5,7,7,7,6,6,4999
Nokia Lumia 1020,7,8,7,8,6,9,4,14999
Nokia Asha 501,7,5,5,5,6,5,7,1999
Nokia Lumia 520,7,5,6,6,8,6,8,3850
Nokia Lumia 620,7,7,7,7,8,7,8,4999
Nokia Lumia 920,8,9,8,8,9,9,7,8999
Nokia Lumia 820,6,6,6,8,8,7,6,19660
Nokia Lumia 610,6,6,6,6,7,6,7,4990
Nubia Red Magic 3S,8,8,8,10,8,7,7,39999
Nubia Red Magic 3,8,9,9,10,9,7,9,38999
Nubia Red Magic,7,9,6,8,9,8,7,24990
Nubia M2,7,8,6,7,9,7,6,12990
Nubia Z11 mini S,8,8,7,8,9,8,8,7999
OnePlus Nord 2,8,8,10,9,9,8,8,29999
OnePlus Nord CE 5G,8,8,10,8,9,8,8,24999
OnePlus 9R,9,9,9,9,8,8,8,39999
OnePlus 9 Pro,9,10,9,9,9,9,8,64999
OnePlus 9,9,10,10,10,9,8,7,54999
OnePlus 8T,9,9,10,10,9,8,8,38999
OnePlus Nord,8,9,10,9,9,8,9,24999
OnePlus 8,9,9,10,10,10,8,7,39999
OnePlus 8 Pro,9,10,10,10,10,9,9,48999
OnePlus 7T Pro McLaren Edition,9,10,10,10,9,8,7,58999
OnePlus 7T Pro,9,10,10,10,9,8,8,48599
OnePlus 7T,8,9,10,10,8,8,9,39999
OnePlus 7 Pro,9,10,10,10,9,8,8,39990
OnePlus 7,8,9,10,10,9,7,9,29999
OnePlus 6T,9,9,10,10,9,9,9,22999
OnePlus 6,9,8,9,10,8,8,9,27999
OnePlus 5T,8,8,8,9,9,7,8,28499
OnePlus 5,7,7,9,10,9,7,8,24499
OnePlus 3T,9,8,9,9,9,9,9,19499
OnePlus 3,9,8,9,10,9,8,9,8999
OnePlus One,6,9,9,9,6,7,10,9999
Oppo Reno 6 Pro,9,8,8,9,9,8,6,37990
Oppo Reno 6,9,8,8,8,9,8,7,29449
Oppo A74 5G,7,8,8,8,9,6,6,17990
Oppo F19 Pro+,8,8,8,8,9,6,6,25990
Oppo Reno 5 Pro 5G,9,9,9,9,9,8,9,32500
Oppo F17 Pro,8,8,9,7,8,7,7,17990
Oppo Reno 4 Pro,9,9,9,8,9,7,6,34990
Oppo Reno 3 Pro,8,8,9,8,9,8,7,27989
Oppo F15,7,8,9,7,8,7,6,17490
Oppo A9 2020,7,7,8,7,9,8,7,16990
Oppo Reno 2Z,8,8,8,8,8,8,7,26990
Oppo Reno 2,8,8,8,9,8,8,7,33490
Oppo K3,9,8,9,8,9,8,8,23990
Oppo A9,8,8,8,8,9,8,7,12490
Oppo A1k,7,7,8,6,9,6,7,10479
Oppo A5s,7,7,7,6,10,7,6,12990
Oppo Reno 10x Zoom,9,9,8,10,8,9,10,34990
Oppo F11 Pro,8,8,9,8,10,8,7,14999
Oppo K1,8,9,7,8,8,7,8,15000
Oppo A7,7,7,7,7,10,6,6,12549
Oppo R17 Pro,8,8,7,8,10,8,7,20990
Oppo F9 Pro,7,8,8,7,9,6,7,18999
Oppo F9,7,8,8,7,9,6,6,18900
Oppo Find X,9,9,8,9,8,9,8,41999
Oppo F7,7,8,7,8,9,8,8,15990
Oppo A83,7,7,7,7,8,6,7,11000
Oppo F5,8,8,8,7,8,8,8,15500
Oppo F3,7,8,6,7,8,7,7,17000
Oppo F3 Plus,8,8,7,9,10,8,7,12990
Oppo A57,7,8,7,7,8,7,7,18000
Oppo F1s,8,8,7,7,8,8,6,10499
Oppo F1 Plus,8,7,7,8,8,7,7,27500
Oppo F1,8,7,8,8,8,8,7,15739
Oppo N1 Mini,8,7,7,7,5,7,5,9990
Oppo R1,8,7,6,5,6,7,6,11735
Panasonic Eluga X1 Pro,9,7,7,8,8,7,8,12450
Panasonic Eluga Ray 550,7,6,7,6,6,6,6,5950
Panasonic Eluga A3 Pro,6,6,7,6,9,6,5,8499
Panasonic Eluga Prim,6,7,7,6,6,6,6,8999
Panasonic Eluga Arc,8,6,6,4,6,5,5,6499
Panasonic Eluga Icon,6,6,5,7,8,6,7,4500
Panasonic P81,5,7,5,8,6,8,7,11900
Phicomm Passion 660,8,7,6,7,6,7,9,3238
Poco F3 GT,8,9,8,9,9,7,8,26999
Poco M3 Pro 5G,8,7,8,8,8,7,7,13999
Poco X3 Pro,7,8,8,9,8,7,7,18999
Poco M3,8,7,8,8,8,7,8,13890
Poco C3,7,6,6,6,9,6,6,8490
Poco X3,8,8,8,8,9,8,8,19990
Poco M2 Pro,8,8,8,8,9,7,9,15900
Poco X2,8,8,8,9,8,8,9,14999
Poco F1,8,8,8,10,9,7,10,16999
Realme GT Neo 2,8,9,9,9,10,7,8,30725
Realme 8i,8,8,8,8,9,7,8,13997
Realme Narzo 50A,7,7,8,7,10,7,7,11499
Realme 8s 5G,8,8,8,8,8,8,8,19999
Realme GT Master Edition,8,9,8,9,9,8,9,25830
Realme Narzo 30 5G,8,8,8,8,9,7,7,16999
Realme X7 Max,7,8,8,9,10,7,8,26990
Realme Narzo 30,8,8,8,8,9,7,8,13499
Realme C21,7,6,6,6,8,5,7,9499
Realme C25,7,7,8,7,10,6,7,14500
Realme 8 Pro,7,8,8,8,10,7,6,19999
Realme 8,7,8,8,8,10,7,6,15999
Realme GT 5G,8,9,8,10,9,8,9,37999
Realme Narzo 30A,7,7,8,8,9,7,8,8999
Realme Narzo 30 Pro,7,8,8,8,9,7,8,16999
Realme X7 Pro 5G,8,9,8,9,9,7,9,29999
Realme Narzo 20,7,7,9,7,10,6,8,13199
Realme Narzo 20 Pro,8,8,9,8,10,7,8,14999
Realme X7 5G,7,8,8,8,10,7,9,19999
Realme 7,8,8,9,8,10,8,8,20999
Realme 7 Pro,8,8,9,8,10,8,8,21999
Realme C12,7,7,9,6,10,6,7,10999
Realme C15,7,7,9,6,10,6,6,11999
Realme 6i,8,8,8,8,9,7,9,18990
Realme C11,7,7,8,6,10,6,7,8999
Realme X3 SuperZoom,8,8,9,10,10,8,9,29999
Realme Narzo 10A,7,7,9,8,10,7,9,8999
Realme Narzo 10,7,7,8,8,10,7,9,11999
Realme 6 Pro,8,8,9,8,9,8,9,17999
Realme 6,8,8,9,8,9,8,9,19990
Realme X50 Pro 5G,8,9,9,10,9,8,10,41999
Realme C3,7,7,9,8,10,7,9,9999
Realme 5i,8,7,9,8,9,6,8,9595
Realme X2,8,8,9,9,8,8,9,17999
Realme X2 Pro,8,9,9,10,9,8,9,29799
Realme XT,8,8,9,8,9,8,9,15299
Realme 5 Pro,8,8,9,8,8,8,9,18990
Realme 5,8,7,9,8,9,7,8,9599
Realme 3i,8,7,9,8,8,6,7,8250
Realme X,9,8,9,8,9,8,9,22999
Realme C2,8,7,8,7,10,6,7,9999
Realme 3 Pro,8,8,9,8,9,8,9,16490
Realme 3,8,7,8,8,8,6,7,9499
Realme 5s,8,7,9,8,9,7,7,11799
Realme U1,8,8,8,8,9,7,9,8285
Realme C1,7,7,7,6,10,6,8,8889
Realme 2 Pro,8,8,8,8,8,8,9,11340
Realme 2,8,6,7,7,9,6,7,9799
Realme 1,8,7,7,8,8,7,9,8990
Samsung Galaxy A52s 5G,8,8,9,9,8,8,7,32989
Samsung Galaxy Z Flip 3,8,8,9,10,6,8,8,84999
Samsung Galaxy Z Fold 3,8,9,9,10,7,8,7,149999
Samsung Galaxy F22,8,7,8,7,10,6,8,12999
Samsung Galaxy M32,7,8,8,7,9,7,7,14999
Samsung Galaxy A22 5G,7,7,7,7,7,7,6,18452
Samsung Galaxy M42 5G,7,7,9,8,9,7,8,21998
Samsung Galaxy A52,8,8,9,8,8,8,7,24215
Samsung Galaxy A72,8,8,9,8,8,8,6,34999
Samsung Galaxy S20 FE 5G,8,8,9,9,8,9,9,39990
Samsung Galaxy F62,8,8,9,9,10,8,8,23998
Samsung Galaxy S21 Ultra,8,10,9,10,9,10,8,105999
Samsung Galaxy S21+,8,8,9,10,8,9,8,71999
Samsung Galaxy S21,8,8,9,10,8,9,8,54450
Samsung Galaxy S20 FE,8,8,9,9,8,9,9,39590
Samsung Galaxy M51,8,8,9,8,10,8,8,19999
Samsung Galaxy Note 20 Ultra 5G,8,9,9,9,9,9,8,97990
Samsung Galaxy M31s,8,8,9,8,10,7,7,15499
Samsung Galaxy A31,7,8,9,6,9,6,5,21990
Samsung Galaxy M21,7,8,9,7,9,7,7,14900
Samsung Galaxy S20+,9,10,10,10,8,9,9,54999
Samsung Galaxy S20 Ultra,8,10,9,10,9,9,8,69800
Samsung Galaxy M31,8,8,9,8,10,7,8,20200
Samsung Galaxy S10 Lite,8,8,9,10,9,8,8,41490
Samsung Galaxy Note 10 Lite,8,8,9,8,9,8,8,41999
Samsung Galaxy A51,8,8,9,7,8,7,7,21999
Samsung Galaxy M10s,8,7,7,6,8,6,7,8990
Samsung Galaxy M30s,8,8,9,8,10,7,8,14069
Samsung Galaxy A50s,7,8,9,8,8,7,8,22740
Samsung Galaxy Note 10+,9,10,9,10,9,9,8,62490
Samsung Galaxy M40,8,8,9,8,9,7,8,14300
Samsung Galaxy A70,8,9,8,8,9,8,7,23000
Samsung Galaxy A30,8,8,8,7,9,6,6,17500
Samsung Galaxy S10e,10,9,9,10,8,9,9,44990
Samsung Galaxy A50,8,8,8,8,9,7,9,16500
Samsung Galaxy S10+,10,10,9,10,9,9,9,71500
Samsung Galaxy S10,10,10,9,10,8,9,9,47999
Samsung Galaxy M30,8,8,6,7,9,7,8,9990
Samsung Galaxy M20,8,8,6,7,9,6,8,9990
Samsung Galaxy M10,8,6,6,5,9,7,6,7990
Samsung Galaxy A9 (2018),9,9,7,8,9,8,6,23990
Samsung Galaxy A7 (2018),8,8,8,8,9,7,8,17990
Samsung Galaxy J6+,7,7,8,5,8,5,4,13600
Samsung Galaxy J4+,7,6,8,5,8,5,5,9499
Samsung Galaxy J2 Core,7,6,8,5,9,5,6,6500
Samsung Galaxy Note 9,9,9,9,9,10,9,9,46990
Samsung Galaxy J8,7,7,7,7,9,7,6,18990
Samsung Galaxy J6,8,8,7,6,9,6,7,9490
Samsung Galaxy A6+,7,9,7,7,8,7,6,21990
Samsung Galaxy S9+,9,9,9,10,9,9,8,29999
Samsung Galaxy S9,9,9,9,10,9,9,8,62500
Samsung Galaxy On7 Prime,6,7,6,5,8,6,5,9990
Samsung Galaxy A8+ (2018),7,8,7,7,9,6,7,24900
Samsung Galaxy Note 8,9,10,9,10,8,9,8,34999
Samsung Galaxy On Max,8,8,8,7,7,8,9,10999
Samsung Galaxy S8+,9,9,8,10,9,9,9,34999
Samsung Galaxy S8,9,9,8,10,9,9,9,28900
Samsung Galaxy C7 Pro,8,9,8,8,10,8,8,16799
Samsung Galaxy A7 (2017),7,7,7,7,9,6,6,18990
Samsung Galaxy A5 (2017),8,8,7,7,8,6,7,16990
Samsung Galaxy C9 Pro,9,8,9,9,9,9,7,8999
Samsung Galaxy J7 Prime,8,8,9,8,9,8,9,6199
Samsung Galaxy S7 Edge,9,9,8,10,10,10,8,23990
Samsung Galaxy S7,8,9,8,10,10,10,8,19999
Samsung Galaxy A5 (2016),8,8,8,7,9,7,6,6900
Samsung Galaxy S6 Edge+,9,9,8,9,8,9,7,28000
Samsung Galaxy Note 5,8,9,8,9,8,9,7,11299
Samsung Galaxy A8,8,9,8,9,10,9,8,7299
Samsung Galaxy S6 Edge,8,8,8,10,9,9,6,37299
Samsung Galaxy S6,8,9,8,10,9,9,8,24990
Samsung Galaxy Note 4,8,9,8,8,9,7,7,8399
Samsung Galaxy Note Edge,7,9,8,9,9,8,6,30000
Samsung Galaxy Alpha,9,7,7,7,7,7,6,9999
Samsung Galaxy S5,7,9,7,9,9,9,7,6999
Sony Xperia XZ1,8,8,9,9,8,8,7,39433
Sony Xperia XA1 Ultra,7,8,8,7,8,8,7,15990
Sony Xperia XZs,7,8,8,7,8,9,6,29990
Sony Xperia XZ Premium,6,9,8,9,7,9,6,33500
Sony Xperia XZ,9,8,8,8,8,8,5,11999
Sony Xperia Z5 Dual,8,8,8,7,8,7,6,22499
Sony Xperia Z3+,8,8,7,8,7,9,6,6999
Sony Xperia Z3 Compact,8,8,8,9,10,8,7,38990
Sony Xperia T3,7,7,7,6,8,7,4,16990
Sony Xperia Z2,8,9,6,8,8,8,8,35990
Sony Xperia Z1 Compact,8,8,8,9,9,7,9,11999
Sony Xperia Z1,8,7,8,9,7,8,6,27990
Sony Xperia C,7,6,7,5,7,6,6,13990
Sony Xperia SP,7,6,7,8,9,6,7,17990
Sony Xperia Z,8,9,8,9,7,7,6,32490
Sony Xperia E Dual,6,4,7,6,8,4,6,6490
Sony Xperia U,6,7,7,7,8,5,7,4990
Spice Dream Uno,7,7,8,8,6,6,9,6999
Spice Stellar 520,7,7,7,6,6,6,8,4999
Spice Pinnacle FHD,7,8,8,7,7,6,7,10990
Tecno Camon i4,7,7,8,5,9,6,5,10000
Tecno Camon iClick,7,7,8,7,8,7,6,9199
Tecno Camon i,7,6,7,6,8,6,6,5828
Tecno i7,7,6,7,6,7,6,6,8966
Videocon Metal Pro 2,6,6,6,5,4,5,5,3499
Vivo X70 Pro+,10,10,9,10,9,9,9,79990
Vivo X60 Pro,9,8,8,9,8,9,8,49990
Vivo X60 Pro+,10,9,9,10,9,9,8,63990
Vivo V20 SE,8,8,8,7,8,8,7,19000
Vivo V20,9,8,9,8,8,8,8,23190
Vivo V20 Pro,9,8,9,9,9,8,8,34990
Vivo X50 Pro,9,9,8,9,9,9,8,54990
Vivo X50,9,9,8,8,9,8,8,29550
Vivo V19,8,9,8,7,9,8,7,22500
iQoo 3,8,9,9,10,9,7,8,37990
Vivo V17,8,8,7,8,8,8,7,22000
Vivo U20,7,8,7,8,8,7,8,15000
Vivo S1 Pro,8,8,7,7,8,7,7,18990
Vivo U10,7,7,8,7,9,6,8,9499
Vivo V17 Pro,8,8,8,8,9,8,7,25000
Vivo Z1x,8,9,8,8,9,7,8,16999
Vivo Z1 Pro,8,8,8,8,9,8,9,17999
Vivo S1,7,8,8,7,9,7,7,17840
Vivo Y17,8,7,8,6,9,6,7,15000
Vivo V15,8,8,7,8,9,7,7,19990
Vivo V15 Pro,8,8,7,8,8,7,8,21499
Vivo V9 Pro,7,8,8,8,8,7,8,11990
Vivo V11 Pro,8,8,8,8,9,8,8,22654
Vivo Nex,8,9,7,8,9,8,7,28500
Vivo X21,8,8,9,8,9,8,6,21500
Vivo V9,8,7,9,8,7,7,7,16149
Vivo V7,7,7,7,7,8,7,6,13990
Vivo V7+,7,7,7,7,8,7,6,20600
Vivo V5s,7,6,6,8,8,8,7,20990
Vivo Y66,6,5,5,6,8,6,5,15000
Vivo Y55s,6,6,6,6,9,6,6,12000
Vivo V5 Plus,8,8,7,7,8,8,6,17990
Vivo V5,7,7,6,7,8,7,6,16999
Vivo V1Max,6,7,7,7,7,6,5,12999
Vivo Y15,7,5,8,6,7,8,7,6539
Vivo V3Max,7,8,7,9,8,7,5,18000
Vivo V3,7,7,6,7,9,6,6,17500
Redmi Note 11T 5G,8,8,8,8,8,7,8,16999
Redmi 10 Prime,7,8,8,8,8,7,7,12499
Redmi Note 10T,7,8,8,8,8,6,6,14999
Mi 11X Pro,8,9,8,10,8,8,9,36999
Mi 11X,8,9,8,9,8,7,8,27999
Redmi Note 10S,8,8,8,8,8,7,9,14999
Redmi Note 10 Pro Max,8,9,8,8,8,8,7,19999
Redmi Note 10,8,8,8,8,8,7,9,13499
Xiaomi Mi 11 Ultra,9,10,9,10,9,9,9,69999
Xiaomi Mi 10i,8,8,8,9,9,7,8,21999
Redmi 9 Power,7,7,8,8,8,7,7,13499
Xiaomi Mi 10T Pro 5G,9,8,8,9,8,8,8,34990
Redmi 9,7,7,7,6,9,6,6,9499
Xiaomi Redmi 9 Prime,7,7,8,8,8,7,7,11998
Redmi Note 9,7,8,8,8,8,7,8,13499
Redmi Note 9 Pro Max,8,8,8,8,9,8,9,16999
Redmi Note 9 Pro,8,8,8,8,9,7,9,16999
Xiaomi Mi 10,9,9,8,9,9,8,8,54999
Redmi 8,8,7,7,6,8,6,8,8999
Redmi 8A,8,7,7,6,10,6,8,8999
Redmi Note 8 Pro,8,8,8,9,8,8,9,19990
Redmi Note 8,7,8,7,7,8,7,8,11999
Xiaomi Mi A3,8,7,9,8,8,8,7,11990
Xiaomi Redmi K20 Pro,9,9,8,10,10,8,10,24999
Redmi 7A,8,7,7,7,9,6,8,7990
Redmi Note 7S,9,8,7,8,8,8,8,11490
Xiaomi Redmi K20,9,9,8,9,10,8,9,19880
Xiaomi Redmi Y3,7,7,7,7,8,7,7,9990
Xiaomi Redmi 7,7,7,7,8,9,7,8,7089
Redmi Note 7 Pro,9,8,7,8,9,8,10,13800
Redmi Note 7,9,8,7,8,8,7,8,9900
Redmi Go,7,6,8,5,8,5,9,5199
Xiaomi Redmi Note 6 Pro,8,8,7,8,9,7,8,14485
Xiaomi Redmi 6 Pro,7,8,7,7,9,7,6,11399
Xiaomi Mi A2,8,8,9,8,7,8,10,12999
Xiaomi Redmi 6A,7,7,7,6,9,6,8,7990
Xiaomi Redmi Y2,7,7,8,8,8,7,7,8999
Redmi 6,7,7,7,7,8,7,7,8499
Redmi Note 5 Pro,8,8,7,8,9,8,10,9999
Redmi Note 5,8,8,7,8,9,8,9,8999
Redmi 5,8,7,8,8,8,6,8,6890
Redmi Y1,7,7,8,7,7,6,7,8490
Redmi 5A,7,6,7,6,8,6,9,5699
Xiaomi Mi MIX 2,9,9,8,9,10,6,8,14999
Mi A1,8,8,9,8,7,8,9,6299
Xiaomi Mi Max 2,8,8,7,8,10,6,8,8499
Xiaomi Redmi 4A,7,7,8,6,9,6,8,7490
Xiaomi Redmi 4,8,6,8,7,9,6,9,4999
Xiaomi Redmi Note 4,9,8,8,8,9,7,9,8499
Xiaomi Redmi 3S Prime,9,8,8,8,10,8,9,3999
Xiaomi Mi Max,8,8,8,8,10,7,8,9999
Xiaomi Mi 5,8,8,8,10,9,8,9,5199
Xiaomi Redmi Note 3,8,9,8,8,9,7,9,9799
Xiaomi Redmi 2 Prime,7,8,7,6,8,7,7,6999
Xiaomi Mi 4i,8,9,8,8,8,7,9,5999
Xiaomi Redmi 2,7,8,7,6,9,6,7,5999
Xiaomi Mi 4,7,8,7,9,8,7,9,5999
Xiaomi Redmi 1S,6,7,7,8,8,7,9,5999
Xiaomi Redmi Note,8,8,8,9,8,7,10,7999
Xiaomi Mi 3,7,8,7,9,8,6,9,7599
Xolo Era 4K,7,6,8,6,9,6,8,5499
Xolo Black,8,7,7,7,7,8,8,5999
Xolo Q2100,5,7,7,7,7,6,7,6890
Xolo Play 8X-1100,5,6,7,7,5,7,7,5888
Xolo 8X-1000,8,8,7,6,5,8,7,7000
Xolo Win Q900s,7,7,6,6,6,6,6,4495
Xolo Q1100,8,6,8,8,4,6,6,22399
Xolo Q1000 Opus,6,5,6,5,7,3,5,9999
Xolo Play T1000,6,7,7,7,6,6,6,14153
Yu Yureka Black,8,6,8,7,8,7,8,5699
Yu Yunicorn,8,8,8,7,9,5,7,6464
Yu Yunique,7,7,8,6,7,6,8,3999
Yu Yureka Plus,8,9,9,9,8,9,9,2699
Yu Yuphoria,8,7,7,6,7,7,10,3990
Yu Yureka,8,8,9,9,7,9,9,3999
Zen Cinemax 3,5,4,6,5,8,5,4,3299
Ziox Astra Titan 4G,6,6,8,6,5,5,6,3999
Zopo Speed X,6,7,7,6,5,6,6,5799
Zopo Flash X Plus,7,6,7,6,6,6,6,3999
ZTE Blade A2 Plus,6,7,6,6,9,6,6,12499
ZTE V5,6,6,5,6,7,7,7,3399
ZTE Blade G2,6,5,6,5,7,5,6,1990
